S.No.,Division/Seat No.,Name of Member,Lok Sabha,Session,State,Constituency,Total Sittings,No. of days member signed the register
1,3,Smt.  Sonia  Gandhi                                            ,15,4,Uttar Pradesh                                               ,Rae Barelii,32,20
2,11,Shri  Ajit  Singh                                             ,15,4,Uttar Pradesh                                               ,Baghpat,32,M
3,14,Shri  Paban Singh  Ghatowar                                          ,15,4,Assam                                                       ,Dibrugarh,32,M
4,24,Shri  V. Kishore Chandra S.  Deo                                               ,15,4,Andhra Pradesh                                              ,Araku,32,M
5,25,Shri  Beni Prasad  Verma                                             ,15,4,Uttar Pradesh                                               ,Gonda,32,M
6,29,Shri  Harish  Rawat                                             ,15,4,Uttarakhand                                                 ,Hardwar,32,M
7,30,Smt.  Chandresh  Kumari                                            ,15,4,Rajasthan                                                   ,Jodhpur,32,M
8,38,Shri  Jitender  Singh                                             ,15,4,Haryana                                                     ,Sonipat,32,M
9,39,Shri  Manish  Tewari                                            ,15,4,Punjab                                                      ,Ludhiana,32,M
10,52,Dr.  Tusharbhai   A.  Chaudhari                                         ,15,4,Gujarat                                                     ,Bardoli,32,M
11,53,Shri  Pratik  Patil                                             ,15,4,Maharashtra                                                 ,Sangli,32,M
12,55,Dr.  Shashi  Tharoor                                           ,15,4,Kerala                                                      ,Thiruvananthapuram,32,M
13,57,Shri  K. C.  Venugopal                                         ,15,4,Kerala                                                      ,Alappuzha,32,M
14,58,Dr.  Charan Das  Mahant                                            ,15,4,Chhattisgarh                                                ,Korba,32,M
15,59,Shri  Milind  Deora                                             ,15,4,Maharashtra                                                 ,Mumbai-South,32,M
16,60,Shri    Kodikunnil  Suresh                                ,15,4,Kerala                                                      ,Mavelikkara,32,M
17,61,Shri  Rahul  Gandhi                                            ,15,4,Uttar Pradesh                                               ,Amethi,32,24
18,62,Shri  K. J.S.P.  Reddy                                             ,15,4,Andhra Pradesh                                              ,Kurnool,32,M
19,63,Shri  A.H.   Khan  Choudhury                                         ,15,4,West Bengal                                                 ,Maldaha Dakshin,32,M
20,64,Shri  Adhir Ranjan  Chowdhury                                         ,15,4,West Bengal                                                 ,Baharampur,32,M
21,65,Smt.  Ranee  Narah                                             ,15,4,Assam                                                       ,Lakhimpur,32,M
22,66,Shri   Sarvey  Sathyanarayana                                    ,15,4,Andhra Pradesh                                              ,Malkajgiri,32,M
23,67,Shri  Ninong  Ering                                             ,15,4,Arunachal Pradesh                                           ,Arunachal East,32,M
24,68,Smt.  Deepa  Dasmunsi                                          ,15,4,West Bengal                                                 ,Raiganj,32,M
25,69,Shri  P.  Balram  Naik                                      ,15,4,Andhra Pradesh                                              ,Mahabubabad,32,M
26,70,Dr.  Krupa Rani  Killi                                             ,15,4,Andhra Pradesh                                              ,Srikakulam,32,M
27,71,Shri  Lal Chand  Kataria                                           ,15,4,Rajasthan                                                   ,Jaipur Rural,32,M
28,72,Shri  Sandeep  Dikshit                                           ,15,4,Delhi                                                       ,East Delhi,32,29
29,73,Shri  J.M.  Aaron Rashid                                      ,15,4,Tamil Nadu                                                  ,Theni,32,28
30,75,Shri  Naveen  Jindal                                            ,15,4,Haryana                                                     ,Kurukshetra,32,28
31,76,Shri  Madhu Goud  Yaskhi                                            ,15,4,Andhra Pradesh                                              ,Nizamabad,32,31
32,77,Shri  Satpal  Maharaj                                           ,15,4,Uttarakhand                                                 ,Garhwal,32,28
33,78,Shri  Vijay  Bahuguna                                          ,15,4,Uttarakhand                                                 ,Tehri Garhwal,32,32
34,78,Shri  Vincent H.  Pala                                              ,15,4,Meghalaya                                                   ,Shillong,32,M
35,79,Shri  Madan Lal  Sharma                                            ,15,4,Jammu and Kashmir                                           ,Jammu,32,31
36,80,Chaudhary  Lal  Singh                                             ,15,4,Jammu and Kashmir                                           ,Udhampur,32,30
37,81,Shri  Mohammed  Azharuddin                                        ,15,4,Uttar Pradesh                                               ,Moradabad,32,25
38,82,Shri  Hamdullah  Sayeed                                            ,15,4,Lakshadweep                                                 ,Lakshadweep,32,32
39,83,Shri  Ashok  Tanwar                                            ,15,4,Haryana                                                     ,Sirsa,32,29
40,84,Shri  K.C.  Singh Baba                                        ,15,4,Uttarakhand                                                 ,Nainital-Udhamsingh Nagar,32,25
41,85,Shri  Vijay Inder  Singla                                            ,15,4,Punjab                                                      ,Sangrur,32,M
42,88,Shri  Sabbam  Hari                                              ,15,4,Andhra Pradesh                                              ,Anakapalli,32,25
43,89,Shri  Ravneet  Singh                                             ,15,4,Punjab                                                      ,Anandpur Sahib,32,31
44,90,Shri  Mahabal  Mishra                                            ,15,4,Delhi                                                       ,West Delhi,32,31
45,91,Shri  Ramesh  Kumar                                             ,15,4,Delhi                                                       ,South Delhi,32,31
46,92,Shri  Ismail Hussain  ,15,4,Assam                                                       ,Barpeta,32,32
47,93,Shri  Mohammad Asrarul  Haque                                             ,15,4,Bihar                                                       ,Kishanganj,32,30
48,94,Shri  Takam  Sanjoy                                            ,15,4,Arunachal Pradesh                                           ,Arunachal West,32,25
49,97,Shri  P.  Viswanathan                                       ,15,4,Tamil Nadu                                                  ,Kancheepuram,32,30
50,98,Shri  Sheesh Ram  Ola                                               ,15,4,Rajasthan                                                   ,Jhunjhunu,32,29
51,99,Shri  T.R.  Baalu                                             ,15,4,Tamil Nadu                                                  ,Sriperumbudur,32,29
52,100,Shri  Vilasrao Baburao  Muttemwar                                         ,15,4,Maharashtra                                                 ,Nagpur,32,22
53,101,Shri  Manikrao Hodlya  Gavit                                             ,15,4,Maharashtra                                                 ,Nandurbar,32,M
54,102,Shri  Suresh  Kalmadi                                           ,15,4,Maharashtra                                                 ,Pune,32,24
55,105,Shri  Gurudas  Kamat                                             ,15,4,Maharashtra                                                 ,Mumbai-North-West,32,M
56,106,Dr.    Chinta Mohan                                      ,15,4,Andhra Pradesh                                              ,Tirupati,32,29
57,107,Shri  Biren Singh  Engti                                             ,15,4,Assam                                                       ,Autonomous District,32,32
58,108,Dr.  Kavuri Samba Siva  Rao                                               ,15,4,Andhra Pradesh                                              ,Eluru,32,25
59,110,Shri  Jai Prakash  Agarwal                                           ,15,4,Delhi                                                       ,North East Delhi,32,32
60,112,Shri  Datta  Meghe                                             ,15,4,Maharashtra                                                 ,Wardha,32,31
61,113,Shri   Rayapati S.  Rao                                               ,15,4,Andhra Pradesh                                              ,Guntur,32,23
62,114,Shri  Raj  Babbar                                            ,15,4,Uttar Pradesh                                               ,Salempur,32,26
63,115,Dr.  Manda  Jagannath                                         ,15,4,Andhra Pradesh                                              ,Nagarkurnool,32,32
64,116,Shri  A. Venkatarami  Reddy                                             ,15,4,Andhra Pradesh                                              ,Anantapur,32,29
65,117,Shri  Somabhai Gandalal Koli  Patel                                             ,15,4,Gujarat                                                     ,Surendranagar,32,27
66,118,Shri  Avtar Singh  Bhadana                                           ,15,4,Haryana                                                     ,Faridabad,32,20
67,119,Shri  P.C.  Chacko                                            ,15,4,Kerala                                                      ,Thrissur,32,31
68,120,Dr.  Girija  Vyas                                              ,15,4,Rajasthan                                                   ,Chittorgarh,32,32
69,121,Shri  Inderjit Singh  Rao                                              ,15,4,Haryana                                                     ,Gurgaon,32,29
70,123,Shri  Sanjay  Nirupam                                           ,15,4,Maharashtra                                                 ,Mumbai-North,32,31
71,124,Shri  Dip  Gogoi                                             ,15,4,Assam                                                       ,Kaliabor,32,24
72,126,Shri  Francisco  Sardinha                                          ,15,4,Goa                                                         ,South Goa,32,30
73,127,Shri  Magunta Srinivasulu  Reddy                                             ,15,4,Andhra Pradesh                                              ,Ongole,32,20
74,128,Shri  N.S.V.  Chitthan                                          ,15,4,Tamil Nadu                                                  ,Dindigul,32,31
75,129,Dr.  Arvind Kumar  Sharma                                            ,15,4,Haryana                                                     ,Karnal,32,26
76,130,Dr.  Sanjay  Singh                                             ,15,4,Uttar Pradesh                                               ,Sultanpur,32,29
77,131,Shri  Jayant  Chaudhary                                         ,15,4,Uttar Pradesh                                               ,Mathura,32,31
78,132,Shri  Bhaskarrao  Patil  Khatgaonkar  ,15,4,Maharashtra                                                 ,Nanded,32,26
79,133,Shri  Deepender Singh  Hooda                                             ,15,4,Haryana                                                     ,Rohtak,32,25
80,134,Shri  Bhakta Charan  Das                                               ,15,4,Orissa                                                      ,Kalahandi,32,25
81,135,Shri  Tarachand  Bhagora                                           ,15,4,Rajasthan                                                   ,Banswara,32,31
82,136,Km.  Agatha K.  Sangma                                            ,15,4,Meghalaya                                                   ,Tura,32,M
83,137,Rajkumari  Ratna  Singh                                             ,15,4,Uttar Pradesh                                               ,Pratapgarh,32,26
84,138,Smt.  Priya  Dutt                                              ,15,4,Maharashtra                                                 ,Mumbai-North-Central,32,22
85,139,Smt.  Santosh  Chowdhary                                         ,15,4,Punjab                                                      ,Hoshiarpur,32,31
86,140,Sardar  Sukhdev  Singh    Libra                                    ,15,4,Punjab                                                      ,Fategarh Sabhib,32,31
87,141,Shri  Gajendra Singh  Rajukhedi                                         ,15,4,Madhya Pradesh                                              ,Dhar,32,28
88,142,Shri  Sanjay Singh  Chauhan                                           ,15,4,Uttar Pradesh                                               ,Bijnor,32,28
89,143,Shri  Anjan Kumar  Yadav. M                                          ,15,4,Andhra Pradesh                                              ,Secunderabad,32,25
90,144,Shri  Gutha  Sukender Reddy                                    ,15,4,Andhra Pradesh                                              ,Nalgonda,32,25
91,145,Shri  G.V.  Harsha Kumar                                      ,15,4,Andhra Pradesh                                              ,Amalapuram,32,22
92,146,Shri  Aruna Kumar  Vundavalli                                        ,15,4,Andhra Pradesh                                              ,Rajahmundry,32,32
93,147,Shri  S.P.Y.  Reddy                                             ,15,4,Andhra Pradesh                                              ,Nandyal,32,21
94,148,Shri  Lalit  Mohan  Suklabaidya                                       ,15,4,Assam                                                       ,Karimganj,32,32
95,149,Shri  Vikrambhai Arjanbhai  Maadam    Ahir                                    ,15,4,Gujarat                                                     ,Jamnagar,32,30
96,150,Shri    Lagadapati   Rajagopal                            ,15,4,Andhra Pradesh                                              ,Vijayawada,32,28
97,151,Smt.    Botcha Jhansi Lakshmi                             ,15,4,Andhra Pradesh                                              ,Vizianagaram,32,30
98,152,Smt.  Ingrid  Mcleod                                            ,15,4,Chhattisgarh                                                ,Nominated Anglo-Indian,32,31
99,153,Shri    Bapiraju  Kanumuru                                ,15,4,Andhra Pradesh                                              ,Narsapuram,32,31
100,154,Shri  Kishan V.  Patel                                             ,15,4,Gujarat                                                     ,Valsad,32,27
101,155,Shri  Eknath  Gaikwad                                           ,15,4,Maharashtra                                                 ,Mumbai-South-Central,32,32
102,156,Dr.  Thokchom  Meinya                                            ,15,4,Manipur                                                     ,Inner Manipur,32,32
103,157,Shri  M.  Krishnaswamy                                      ,15,4,Tamil Nadu                                                  ,Arani,32,29
104,158,Dr.  Nirmal  Khatri                                            ,15,4,Uttar Pradesh                                               ,Faizabad,32,31
105,160,Smt.  Shruti  Choudhry                                          ,15,4,Haryana                                                     ,Bhiwani-Mahendragarh,32,30
106,161,Dr.  Prabha Kishore  Taviad                                            ,15,4,Gujarat                                                     ,Dahod,32,32
107,162,Smt.  Rajesh Nandini  Singh                                             ,15,4,Madhya Pradesh                                              ,Shahdol,32,30
108,163,Ms.  Mausam  Noor                                              ,15,4,West Bengal                                                 ,Maldaha Uttar,32,30
109,164,Smt.  Sarika  D.S. Baghel                                       ,15,4,Uttar Pradesh                                               ,Hathras,32,31
110,165,Smt.  Annu  Tandon                                            ,15,4,Uttar Pradesh                                               ,Unnao,32,29
111,166,Smt.  Meenakshi  Natrajan                                          ,15,4,Madhya Pradesh                                              ,Mandsour,32,31
112,167,Dr.  Jyoti  Mirdha                                            ,15,4,Rajasthan                                                   ,Nagaur,32,29
113,168,Shri  Devendra  Nagpal                                            ,15,4,Uttar Pradesh                                               ,Amroha,32,22
114,169,Shri  Manicka  Tagore                                            ,15,4,Tamil Nadu                                                  ,Virudhunagar,32,28
115,170,Shri  Prabhakar  Ponnam                                            ,15,4,Andhra Pradesh                                              ,Karimnagar,32,32
116,171,Shri  Sajjan Singh  Verma                                             ,15,4,Madhya Pradesh                                              ,Dewas,32,28
117,172,Shri  Abdul Mannan  Hossain                                           ,15,4,West Bengal                                                 ,Murshidabad,32,15
118,173,Shri  S.  Alagiri                                           ,15,4,Tamil Nadu                                                  ,Cuddalore,32,24
119,174,Shri  Basori Singh  Masram                                            ,15,4,Madhya Pradesh                                              ,Mandla,32,31
120,175,Shri  Kuvarjibhai Mohanbhai  Bavalia                                           ,15,4,Gujarat                                                     ,Rajkot,32,27
121,176,Shri   Vitthalbhai  Harnsrajbhai   Radadiya                           ,15,4,Gujarat                                                     ,Porbandar,32,3
122,177,Dr.  G.  Vivekanand                                        ,15,4,Andhra Pradesh                                              ,Peddapalle,32,26
123,178,Shri  Suresh Kumar  Shetkar                                           ,15,4,Andhra Pradesh                                              ,Zahirabad,32,31
124,179,Shri  Mukeshkumar  Bheiravdanji  Gadhvi                              ,15,4,Gujarat                                                     ,Banaskantha,32,29
125,180,Shri  Jagdish  Thakor                                            ,15,4,Gujarat                                                     ,Patan,32,31
126,181,Shri  Adagooru  Vishwanath                                        ,15,4,Karnataka                                                   ,Mysore,32,25
127,182,Shri  R.  Dhruvanarayana                                    ,15,4,Karnataka                                                   ,Chamrajanagar,32,28
128,183,Shri  K.  Sudhakaran                                        ,15,4,Kerala                                                      ,Kannur,32,21
129,185,Shri  M. K.  Raghavan                                          ,15,4,Kerala                                                      ,Kozhikode,32,19
130,186,Shri  K. P.  Dhanapalan                                        ,15,4,Kerala                                                      ,Chalakudy,32,32
131,187,Shri  Dara Singh  Chauhan                                           ,15,4,Uttar Pradesh                                               ,Ghosi,32,28
132,188,Shri    Lalu Prasad                                       ,15,4,Bihar                                                       ,Saran,32,29
133,189,Shri  Shibu  Soren                                             ,15,4,Jharkhand                                                   ,Dumka,32,2
134,190,Shri  T.K.S.  Elangovan                                         ,15,4,Tamil Nadu                                                  ,Chennai North,32,32
135,191,Shri  Sudip  Bandyopadhyay                                     ,15,4,West Bengal                                                 ,Kolkata Uttar,32,30
136,192,Smt.  Supriya  Sule                                              ,15,4,Maharashtra                                                 ,Baramati,32,31
137,193,Shri   Udayanraje  Bhonsle                                          ,15,4,Maharashtra                                                 ,Satara,32,12
138,194,Shri  Sameer  Bhujbal                                           ,15,4,Maharashtra                                                 ,Nashik,32,29
139,195,Shri  D.  Venugopal                                         ,15,4,Tamil Nadu                                                  ,Tiruvannamalai,32,24
140,196,Shri  Kalyan  Banerjee                                          ,15,4,West Bengal                                                 ,Sreerampur,32,25
141,197,Shri  A.K.S.  Vijayan                                           ,15,4,Tamil Nadu                                                  ,Nagapattinam,32,19
142,198,Shri  E.G.  Sugavanam                                         ,15,4,Tamil Nadu                                                  ,Krisnagiri,32,18
143,199,Shri    Adhi Sankar                                       ,15,4,Tamil Nadu                                                  ,Kallakurichi,32,16
144,200,Dr.  Sanjeev Ganesh  Naik                                              ,15,4,Maharashtra                                                 ,Thane,32,28
145,201,Shri  Asaduddin  Owaisi                                            ,15,4,Andhra Pradesh                                              ,Hyderabad,32,22
146,202,Shri  Sansuma Khunggur  Bwiswmuthiary                                     ,15,4,Assam                                                       ,Kokrajhar,32,16
147,203,Dr.  Raghuvansh Prasad  Singh                                             ,15,4,Bihar                                                       ,Vaishali,32,32
148,204,Shri  Hassan  Khan                                              ,15,4,Jammu and Kashmir                                           ,Ladakh,32,32
149,205,Shri  Sadashivrao Dadoba  Mandlik                                           ,15,4,Maharashtra                                                 ,Kolhapur,32,16
150,206,Shri  R.  Thamaraiselvan                                    ,15,4,Tamil Nadu                                                  ,Dharmapuri,32,24
151,207,Shri    Abdul Rahman                                      ,15,4,Tamil Nadu                                                  ,Vellore,32,23
152,208,Shri  Somendranath  Mitra                                             ,15,4,West Bengal                                                 ,Diamond Harbour,32,14
153,210,Shri  Badruddin  Ajmal                                             ,15,4,Assam                                                       ,Dhubri,32,19
154,211,Shri  Babu Lal  Marandi                                           ,15,4,Jharkhand                                                   ,Kodarma,32,13
155,212,Shri  Mirza Mehboob  Beg                                               ,15,4,Jammu and Kashmir                                           ,Anantnag,32,26
156,213,Shri  Jagdambika  Pal                                               ,15,4,Uttar Pradesh                                               ,Domariyaganj,32,31
157,214,Shri  N.Dharam  Singh                                             ,15,4,Karnataka                                                   ,Bidar,32,26
158,215,Shri  H.D.  Kumaraswamy                                       ,15,4,Karnataka                                                   ,Bangalore Rural,32,11
159,217,Dr.  Kakoli Ghosh  Dastidar                                          ,15,4,West Bengal                                                 ,Barasat,32,20
160,218,Shri  K. R. G.  Reddy                                             ,15,4,Andhra Pradesh                                              ,Bhongir,32,27
161,219,Shri  Rajaiah  Siricilla                                         ,15,4,Andhra Pradesh                                              ,Warangal,32,31
162,220,Shri  Jitendra  Singh Malik                                       ,15,4,Rajasthan                                                   ,Alwar,32,24
163,221,Shri  P.L.  Punia                                             ,15,4,Uttar Pradesh                                               ,Barabanki,32,30
164,222,Shri  Kamal  Kishor   Commando                                 ,15,4,Uttar Pradesh                                               ,Bahraich,32,32
165,223,"Dr.  Vinay Kumar  Panday ""Vinnu""                                    ",15,4,Uttar Pradesh                                               ,Shrawasti,32,30
166,224,Shri  Harsh  Vardhan                                           ,15,4,Uttar Pradesh                                               ,Maharajganj,32,19
167,225,Shri  Praveen Singh  Aron                                              ,15,4,Uttar Pradesh                                               ,Bareilly,32,21
168,226,Shri  Pradeep  Tamta                                             ,15,4,Uttarakhand                                                 ,Almora,32,32
169,227,Shri  S. S.  Ramasubbu                                         ,15,4,Tamil Nadu                                                  ,Tirunelveli,32,32
170,228,Shri  Sharief Ud Din  Shariq                                            ,15,4,Jammu and Kashmir                                           ,Baramulla,32,29
171,229,Shri  Mahesh  Joshi                                             ,15,4,Rajasthan                                                   ,Jaipur,32,31
172,230,Shri  Ijyaraj  Singh                                             ,15,4,Rajasthan                                                   ,Kota,32,32
173,231,Shri  E. T. Muhammed  Basheer                                           ,15,4,Kerala                                                      ,Ponnani,32,30
174,232,Shri  Gopal  Singh  Shekhawat                                  ,15,4,Rajasthan                                                   ,Rajsamand,32,32
175,233,Shri  Raghuvir Singh  Meena                                             ,15,4,Rajasthan                                                   ,Udaipur,32,31
176,234,Shri  Harish  Choudhary                                         ,15,4,Rajasthan                                                   ,Barmer,32,31
177,235,Shri  Badri Ram  Jakhar                                            ,15,4,Rajasthan                                                   ,Pali,32,30
178,236,Shri  Khiladi Lal  Bairwa                                            ,15,4,Rajasthan                                                   ,Karauli-Dholpur,32,31
179,237,Shri  Ratan  Singh                                             ,15,4,Rajasthan                                                   ,Bharatpur,32,27
180,238,Shri  Raja Ram  Pal                                               ,15,4,Uttar Pradesh                                               ,Akbarpur,32,31
181,239,Shri  Bharat Ram  Meghwal                                           ,15,4,Rajasthan                                                   ,Ganganagar,32,32
182,240,Shri  Zafar Ali  Naqvi                                             ,15,4,Uttar Pradesh                                               ,Kheri,32,30
183,242,Shri  Charles  Dias                                              ,15,4,Kerala                                                      ,Nominated Anglo-Indian,32,32
184,243,Shri  Mohinder Singh  Kaypee                                            ,15,4,Punjab                                                      ,Jalandhar,32,31
185,244,Shri  Partap Singh  Bajwa                                             ,15,4,Punjab                                                      ,Gurdaspur,32,31
186,245,Adv.  P. T.  Thomas                                            ,15,4,Kerala                                                      ,Idukki,32,32
187,246,Shri  M. I.  Shanavas                                          ,15,4,Kerala                                                      ,Wayanad,32,30
188,247,Shri  Anto  Antony                                            ,15,4,Kerala                                                      ,Pathanamthitta,32,30
189,248,Shri  N.  Peethambarakurup                                  ,15,4,Kerala                                                      ,Kollam,32,29
190,249,Shri  Om Prakash  Yadav                                             ,15,4,Bihar                                                       ,Siwan,32,21
191,250,Shri    Sivakumar @  Ritheesh                             ,15,4,Tamil Nadu                                                  ,Ramanthapuram,32,14
192,251,Shri  Sanjay Dina  Patil                                             ,15,4,Maharashtra                                                 ,Mumbai-North-East,32,29
193,252,Shri  Narayan Singh  Amlabe                                            ,15,4,Madhya Pradesh                                              ,Rajgarh,32,31
194,253,Shri  Jose K.  Mani                                              ,15,4,Kerala                                                      ,Kottayam,32,30
195,254,Shri  Kameshwar  Baitha                                            ,15,4,Jharkhand                                                   ,Palamu,32,1
196,255,Shri  N. Cheluvaraya Swamy  ,15,4,Karnataka                                                   ,Mandya,32,13
197,256,Shri  Thol Thirumaavalavan  ,15,4,Tamil Nadu                                                  ,Chidambaram,32,4
198,257,Shri  Prem Das  Rai                                               ,15,4,Sikkim                                                      ,Sikkim,32,27
199,258,Shri  C. M.  Chang                                             ,15,4,Nagaland                                                    ,Nagaland,32,30
200,259,Shri   Baliram  Jadhav                                          ,15,4,Maharashtra                                                 ,Palghar,32,26
201,260,Shri  Jagada Nand  Singh                                             ,15,4,Bihar                                                       ,Buxar,32,32
202,261,Shri  Uma Shanaker  Singh                                             ,15,4,Bihar                                                       ,Maharajganj,32,32
203,262,Smt.  J. Helen Davidson  ,15,4,Tamil Nadu                                                  ,Kanniyakumari,32,26
204,263,Shri  S. R.  Jeyadurai                                         ,15,4,Tamil Nadu                                                  ,Thoothukkudi,32,28
205,264,Shri  Uday Pratap  Singh                                             ,15,4,Madhya Pradesh                                              ,Hoshangabad,32,25
206,265,Shri  Premchand  Guddu                                             ,15,4,Madhya Pradesh                                              ,Ujjain,32,20
207,266,Shri  Marotrao  Sainuji   Kowase                                  ,15,4,Maharashtra                                                 ,Gadchiroli-Chimur,32,24
208,267,Shri   Suresh  Kashinath   Taware                                ,15,4,Maharashtra                                                 ,Bhiwandi,32,32
209,268,Shri  Jaywant  Gangaram   Awale                                  ,15,4,Maharashtra                                                 ,Latur,32,30
210,269,Dr.  Nilesh N.  Rane                                              ,15,4,Maharashtra                                                 ,Ratnagiri-Sindhudurg,32,31
211,270,Shri  Thangso  Baite                                             ,15,4,Manipur                                                     ,Outer Manipur,32,31
212,271,Shri  Pradeep  Majhi                                             ,15,4,Orissa                                                      ,Nabarangpur,32,26
213,272,Shri  Amarnath  Pradhan                                           ,15,4,Orissa                                                      ,Sambalpur,32,28
214,273,Shri  Hemanand  Biswal                                            ,15,4,Orissa                                                      ,Sundargarh,32,31
215,274,Shri  Sanjay  Bhoi                                              ,15,4,Orissa                                                      ,Bargarh,32,28
216,275,Shri  C. L.  Ruala                                             ,15,4,Mizoram                                                     ,Mizoram,32,30
217,276,Shri  Mulayam Singh  Yadav                                             ,15,4,Uttar Pradesh                                               ,Mainpuri,32,30
218,277,Shri  H.D.  Devegowda                                         ,15,4,Karnataka                                                   ,Hassan,32,20
219,278,Kunwar  Rewati Raman  Singh                                             ,15,4,Uttar Pradesh                                               ,Allahabad,32,28
220,279,Dr.    Bali Ram                                          ,15,4,Uttar Pradesh                                               ,Lalganj,32,31
221,280,Shri  Gurudas  Das Gupta                                         ,15,4,West Bengal                                                 ,Ghatal,32,30
222,282,Prof.  Saugata  Ray                                               ,15,4,West Bengal                                                 ,Dum Dum,32,16
223,283,Shri  Shailendra  Kumar                                             ,15,4,Uttar Pradesh                                               ,Kaushambi ,32,29
224,284,Shri  Bhisma  Shankar Alias Kushal Tiwari                       ,15,4,Uttar Pradesh                                               ,Sant Kabir Nagar,32,29
225,285,Dr.  M.  Thambidurai                                       ,15,4,Tamil Nadu                                                  ,Karur,32,19
226,286,Shri  Akhilesh  Yadav                                             ,15,4,Uttar Pradesh                                               ,Kannauj,32,22
227,287,Shri  Ashok Kumar  Rawat                                             ,15,4,Uttar Pradesh                                               ,Misrikh,32,30
228,288,Dr.  Shafiqur Rahman  Barq                                              ,15,4,Uttar Pradesh                                               ,Sambhal,32,31
229,289,Shri  Baju Ban  Riyan                                             ,15,4,Tripura                                                     ,Tripura East,32,23
230,290,Shri  S.  Semmalai                                          ,15,4,Tamil Nadu                                                  ,Salem,32,29
231,291,Shri  Kalyan  Singh                                             ,15,4,Uttar Pradesh                                               ,Etah,32,6
232,292,Shri  Brij Bhushan Sharan  Singh                                             ,15,4,Uttar Pradesh                                               ,Kaiserganj,32,32
233,293,Shri  Tufani  Saroj                                             ,15,4,Uttar Pradesh                                               ,Machhlishahr,32,30
234,294,Shri  Jagdish Singh  Rana                                              ,15,4,Uttar Pradesh                                               ,Saharanpur,32,28
235,295,Shri  Vijay Bahadur  Singh                                             ,15,4,Uttar Pradesh                                               ,Hamirpur,32,28
236,296,Dr.  Ram Chandra  Dome                                              ,15,4,West Bengal                                                 ,Bolpur,32,28
237,297,Shri  Khagen  Das                                               ,15,4,Tripura                                                     ,Tripura West,32,22
238,298,Shri  O. S.  Manian                                            ,15,4,Tamil Nadu                                                  ,Mayiladuthurai,32,16
239,299,Shri  R.K. Singh  Patel                                             ,15,4,Uttar Pradesh                                               ,Banda,32,28
240,300,Smt.  Sushila  Saroj                                             ,15,4,Uttar Pradesh                                               ,Mohanlalganj,32,32
241,301,Smt.  Seema  Upadhyay                                          ,15,4,Uttar Pradesh                                               ,Fatehpur Sikri,32,30
242,302,  Smt. Tabassum  Hasan  ,15,4,Uttar Pradesh                                               ,Kairana,32,24
243,303,Shri  Prabodh  Panda                                             ,15,4,West Bengal                                                 ,Medinipur,32,29
244,304,Shri  Bansagopal  Chowdhury                                         ,15,4,West Bengal                                                 ,Asansol,32,21
245,305,Shri  P.  Venugopal                                         ,15,4,Tamil Nadu                                                  ,Tiruvallur,32,25
246,306,Shri    Bhajan Lal                                        ,15,4,Haryana                                                     ,Hisar,32,14
247,306,Shri  C.  Rajendran                                         ,15,4,Tamil Nadu                                                  ,Chennai South,32,19
248,309,Shri  S.K. Nurul  Islam                                             ,15,4,West Bengal                                                 ,Basirhat,32,16
249,310,Shri    Ramkishun                                         ,15,4,Uttar Pradesh                                               ,Chandauli,32,28
250,311,Shri  Rakesh  Sachan                                            ,15,4,Uttar Pradesh                                               ,Fatehpur,32,28
251,312,Smt.  Raj Kumari  Chauhan                                           ,15,4,Uttar Pradesh                                               ,Aligarh,32,23
252,313,Smt.  Kaisar  Jahan                                             ,15,4,Uttar Pradesh                                               ,Sitapur,32,22
253,314,Shri  P.R.  Natarajan                                         ,15,4,Tamil Nadu                                                  ,Coimbatore,32,19
254,315,Adv.  A.  Sampath                                           ,15,4,Kerala                                                      ,Attingal,32,27
255,316,Shri  Manohar  Tirkey                                            ,15,4,West Bengal                                                 ,Alipurduars,32,23
256,317,Shri  M.  Anandan                                           ,15,4,Tamil Nadu                                                  ,Viluppuram,32,27
257,318,Shri  Dinesh  Trivedi                                           ,15,4,West Bengal                                                 ,Barrackpur,32,16
258,319,Shri  Gobinda Chandra  Naskar                                            ,15,4,West Bengal                                                 ,Bangaon,32,22
259,320,Shri  Premdas  Katheria                                          ,15,4,Uttar Pradesh                                               ,Etawah,32,29
260,321,Shri  Dharmendra  Yadav                                             ,15,4,Uttar Pradesh                                               ,Badaun,32,28
261,322,Shri  Neeraj  Shekhar                                           ,15,4,Uttar Pradesh                                               ,Ballia,32,31
262,323,Shri    Gorakhnath  Pandey                                ,15,4,Uttar Pradesh                                               ,Bhadohi ,32,29
263,324,Shri  Dhananjay  Singh                                             ,15,4,Uttar Pradesh                                               ,Jaunpur,32,25
264,325,Smt.  Susmita  Bauri                                             ,15,4,West Bengal                                                 ,Bishnupur,32,30
265,326,Dr.  Anup Kumar  Saha                                              ,15,4,West Bengal                                                 ,Bardhaman Purba,32,29
266,327,Shri  Pulin Bihari  Baske                                             ,15,4,West Bengal                                                 ,Jhargram,32,30
267,328,Shri  K.  Sugumar                                           ,15,4,Tamil Nadu                                                  ,Pollachi,32,24
268,329,Shri  Ambica  Banerjee                                          ,15,4,West Bengal                                                 ,Howrah,32,29
269,330,Shri    Suvendu   Adhikari                                ,15,4,West Bengal                                                 ,Tamluk,32,10
270,331,Smt.  Usha  Verma                                             ,15,4,Uttar Pradesh                                               ,Hardoi,32,29
271,332,Shri  Bal Kumar  Patel                                             ,15,4,Uttar Pradesh                                               ,Mirzapur,32,30
272,333,Shri  Rakesh  Pandey                                            ,15,4,Uttar Pradesh                                               ,Ambedkar Nagar,32,26
273,334,Shri  Gorakh Prasad  Jaiswal                                           ,15,4,Uttar Pradesh                                               ,Deoria,32,31
274,335,Sk.   Saidul  Haque                                             ,15,4,West Bengal                                                 ,Bardhaman-Durgapur,32,31
275,336,Shri  Mahendra Kumar  Roy                                               ,15,4,West Bengal                                                 ,Jalpaiguri,32,32
276,337,Shri  C.  Sivasami                                          ,15,4,Tamil Nadu                                                  ,Tiruppur,32,26
277,338,Smt.  Satabdi  Roy                                               ,15,4,West Bengal                                                 ,Birbhum,32,20
278,339,Shri  Tapas  Paul                                              ,15,4,West Bengal                                                 ,Krishnanagar,32,19
279,340,Dr.  Sucharu Ranjan  Haldar                                            ,15,4,West Bengal                                                 ,Ranaghat,32,28
280,341,Shri  Pakauri  Lal                                               ,15,4,Uttar Pradesh                                               ,Robertsganj,32,28
281,342,Shri  Ghanshyam  Anuragi                                           ,15,4,Uttar Pradesh                                               ,Jalaun,32,30
282,343,Shri  Kamlesh  Balmiki                                           ,15,4,Uttar Pradesh                                               ,Bulandshahr,32,31
283,344,Shri  Arvind Kumar  Chaudhary                                         ,15,4,Uttar Pradesh                                               ,Basti,32,30
284,345,Shri  Deoraj Singh  Patel                                             ,15,4,Madhya Pradesh                                              ,Rewa,32,26
285,346,Shri  Ramashankar  Rajbhar                                           ,15,4,Uttar Pradesh                                               ,Salempur,32,27
286,347,Shri  P. K.  Biju                                              ,15,4,Kerala                                                      ,Alathur,32,27
287,348,Shri  M. B.  Rajesh                                            ,15,4,Kerala                                                      ,Palakkad,32,32
288,349,Shri  P.  Lingam                                            ,15,4,Tamil Nadu                                                  ,Tenkasi,32,32
289,350,Shri  P.  Kumar                                             ,15,4,Tamil Nadu                                                  ,Tiruchirappalli,32,27
290,351,Dr.  Padamsinha  Bajirao  Patil                                    ,15,4,Maharashtra                                                 ,Osmanabad,32,29
291,352,Dr.  Ratna  De (Nag)                                          ,15,4,West Bengal                                                 ,Hooghly,32,18
292,353,Shri  Kabir  Suman                                             ,15,4,West Bengal                                                 ,Jadavpur,32,10
293,354,Shri    Mithlesh Kumar                                    ,15,4,Uttar Pradesh                                               ,Shahjahanpur,32,30
294,355,Shri  Yashvir  Singh                                             ,15,4,Uttar Pradesh                                               ,Nagina,32,30
295,356,Shri  Radhey Mohan  Singh                                             ,15,4,Uttar Pradesh                                               ,Ghazipur,32,27
296,357,Shri  Kapil Muni  Karwariya                                         ,15,4,Uttar Pradesh                                               ,Phulpur,32,20
297,358,Shri  Surendra Singh  Nagar                                             ,15,4,Uttar Pradesh                                               ,Gautam Buddha Nagar,32,29
298,359,Shri  Kadir  Rana                                              ,15,4,Uttar Pradesh                                               ,Muzaffarnagar,32,16
299,360,Shri  Bibhu Prasad  Tarai                                             ,15,4,Orissa                                                      ,Jagatsinghpur,32,29
300,361,Shri  Sakti  Mohan   Malik                                     ,15,4,West Bengal                                                 ,Arambagh,32,31
301,362,Shri  Prasanta Kumar  Majumdar                                          ,15,4,West Bengal                                                 ,Balurghat,32,31
302,363,Shri  Mekapati Rajamohan  Reddy                                             ,15,4,Andhra Pradesh                                              ,Nellore,32,28
303,364,Dr.  Tarun  Mondal                                            ,15,4,West Bengal                                                 ,Joynagar,32,30
304,365,Shri  Basudeb  Acharia                                           ,15,4,West Bengal                                                 ,Bankura,32,31
305,366,Shri  Sharad  Yadav                                             ,15,4,Bihar                                                       ,Madhepura,32,27
306,367,Shri  Arjun Charan  Sethi                                             ,15,4,Orissa                                                      ,Bhadrak,32,31
307,368,Shri  Anant Gangaram  Geete                                             ,15,4,Maharashtra                                                 ,Raigad,32,24
308,369,Shri  Ram Sundar  Das                                               ,15,4,Bihar                                                       ,Hajipur,32,28
309,370,Shri  Bhartruhari  Mahtab                                            ,15,4,Orissa                                                      ,Cuttack,32,32
310,371,Shri  P.  Karunakaran                                       ,15,4,Kerala                                                      ,Kasaragod,32,29
311,372,Shri  Chandrakant  Khaire                                            ,15,4,Maharashtra                                                 ,Aurangabad,32,19
312,373,Shri  Anandrao  Adsul                                             ,15,4,Maharashtra                                                 ,Amravati,32,M
313,374,Shri  Rajiv Ranjan  Singh  @ Lalan Singh                              ,15,4,Bihar                                                       ,Munger,32,27
314,375,Shri  K. Chandrasekhar  Rao                                               ,15,4,Andhra Pradesh                                              ,Mahabubnagar,32,1
315,376,Dr.  Rattan Singh  Ajnala                                            ,15,4,Punjab                                                      ,Khadoor Sahib,32,32
316,377,Shri  Prasanna  Kumar Patasani                                    ,15,4,Orissa                                                      ,Bhubaneswar,32,28
317,378,Smt.  Bhavana  Gawali                                            ,15,4,Maharashtra                                                 ,Yavatmal-Washim,32,27
318,379,Shri  Dinesh Chandra  Yadav                                             ,15,4,Bihar                                                       ,Khagaria,32,32
319,380,Shri   Mangani Lal  Mandal                                            ,15,4,Bihar                                                       ,Jhanjharpur,32,32
320,381,Shri  Digvijay  Singh                                             ,15,4,Bihar                                                       ,Banka,32,19
321,381,Shri  Inder Singh  Namdhari                                          ,15,4,Jharkhand                                                   ,Chatra,32,32
322,382,Smt.  Jaya Prada  Nahata                                            ,15,4,Uttar Pradesh                                               ,Rampur,32,4
323,383,Shri  Tathagata  Satpathy                                          ,15,4,Orissa                                                      ,Dhenkanal,32,28
324,384,Shri  Shivaji  Adhalrao Patil                                    ,15,4,Maharashtra                                                 ,Shirur,32,14
325,385,Dr.  Ranjan Prasad  Yadav                                             ,15,4,Bihar                                                       ,Pataliputra,32,32
326,386,Capt.(Retd.)  Jainarayan Prasad  Nishad                                            ,15,4,Bihar                                                       ,Muzaffarpur,32,25
327,387,Dr.  Monazir  Hassan                                            ,15,4,Bihar                                                       ,Begusarai,32,30
328,388,Shri  Nama Nageswara  Rao                                               ,15,4,Andhra Pradesh                                              ,Khammam,32,31
329,389,Smt.  Harsimrat Kaur  Badal                                             ,15,4,Punjab                                                      ,Bathinda,32,29
330,390,Smt.  Paramjit Kaur  Gulshan                                           ,15,4,Punjab                                                      ,Faridkot,32,29
331,391,Shri  Mohan  Jena                                              ,15,4,Orissa                                                      ,Jajpur,32,26
332,392,Shri  Anand Prakash  Paranjpe                                          ,15,4,Maharashtra                                                 ,Kalyan,32,25
333,393,Shri  Jagdish  Sharma                                            ,15,4,Bihar                                                       ,Jahanabad,32,28
334,394,Shri  Sushil Kumar  Singh                                             ,15,4,Bihar                                                       ,Aurangabad,32,29
335,396,Shri  Narahari  Mahato                                            ,15,4,West Bengal                                                 ,Purulia,32,23
336,397,Shri  Ramesh  Rathod                                            ,15,4,Andhra Pradesh                                              ,Adilabad,32,22
337,398,Ms.  M. Vijaya  Shanthi                                           ,15,4,Andhra Pradesh                                              ,Medak,32,1
338,399,Shri  Pinaki  Misra                                             ,15,4,Orissa                                                      ,Puri,32,27
339,400,Shri  Baijayant  Panda                                             ,15,4,Orissa                                                      ,Kendrapara,32,20
340,402,Shri  Vishwa Mohan  Kumar                                             ,15,4,Bihar                                                       ,Supaul,32,24
341,403,Shri  Baidyanath Prasad  Mahto                                             ,15,4,Bihar                                                       ,Valmiki Nagar,32,32
342,404,Shri  Angadi Suresh  Channabasappa                                     ,15,4,Karnataka                                                   ,Belgaum,32,26
343,405,Shri  Ramen  Deka                                              ,15,4,Assam                                                       ,Mangaldoi,32,30
344,406,Smt.    Rama Devi                                         ,15,4,Bihar                                                       ,Sheohar,32,31
345,407,Shri  Nripendra Nath  Roy                                               ,15,4,West Bengal                                                 ,Cooch Behar,32,24
346,408,Shri  K. Narayana  Rao                                               ,15,4,Andhra Pradesh                                              ,Machilipatnam,32,24
347,409,Shri  Jayaram  Pangi                                             ,15,4,Orissa                                                      ,Koraput,32,23
348,410,Shri  Rudramadhab  Ray                                               ,15,4,Orissa                                                      ,Kandhamal,32,25
349,411,Shri  A.  Ganeshamurthi                                     ,15,4,Tamil Nadu                                                  ,Erode,32,25
350,412,Shri   Prataprao  Ganpatrao Jadhav                                  ,15,4,Maharashtra                                                 ,Buldhana,32,25
351,413,Shri  Arjun  Roy                                               ,15,4,Bihar                                                       ,Sitamarhi,32,31
352,414,Smt.  Aswamedh  Devi                                              ,15,4,Bihar                                                       ,Ujiarpur,32,32
353,415,Shri  P. C.  Mohan                                             ,15,4,Karnataka                                                   ,Bangalore Central,32,17
354,416,Shri  Jeetendra Singh  Bundela                                           ,15,4,Madhya Pradesh                                              ,Khajuraho,32,29
355,417,Shri  Hari  Manjhi                                            ,15,4,Bihar                                                       ,Gaya,32,32
356,418,Shri  Modugula Venugopala  Reddy                                             ,15,4,Andhra Pradesh                                              ,Narasaraopet,32,18
357,419,Shri  Naramalli  Sivaprasad                                        ,15,4,Andhra Pradesh                                              ,Chittoor,32,18
358,420,Dr.  Kirodi  Lal  Meena                                        ,15,4,Rajasthan                                                   ,Dausa,32,29
359,421,Shri  Nityananda  Pradhan                                           ,15,4,Orissa                                                      ,Aska,32,25
360,422,Shri  Subhash Bapurao  Wankhede                                          ,15,4,Maharashtra                                                 ,Hingoli,32,20
361,423,Shri  Mahabali  Singh                                             ,15,4,Bihar                                                       ,Karakat,32,30
362,424,Shri  Purnmasi  Ram                                               ,15,4,Bihar                                                       ,Gopalganj,32,30
363,425,Smt.  Darshana  Jardosh                                           ,15,4,Gujarat                                                     ,Surat,32,29
364,426,Kum.  Saroj  Pandey                                            ,15,4,Chhattisgarh                                                ,Durg,32,31
365,427,Shri  Yashbant N.S.  Laguri                                            ,15,4,Orissa                                                      ,Keonjhar,32,20
366,428,Shri  Kalikesh N. Singh  Deo                                               ,15,4,Orissa                                                      ,Bolangir,32,28
367,429,Shri  Kristappa  Nimmala                                           ,15,4,Andhra Pradesh                                              ,Hindupur,32,22
368,430,Shri  Y.S.Jagan Mohan  Reddy                                             ,15,4,Andhra Pradesh                                              ,Kadapa,32,26
369,431,Shri  Gajanan D.  Babar                                             ,15,4,Maharashtra                                                 ,Maval,32,23
370,432,Adv.   Ganeshrao  Nagorao Dudhgaonkar                               ,15,4,Maharashtra                                                 ,Parbhani,32,32
371,433,Smt.  Meena  Singh                                             ,15,4,Bihar                                                       ,Arrah,32,31
372,434,Shri  Bhudeo  Choudhary                                         ,15,4,Bihar                                                       ,Jamui,32,29
373,435,Shri   Bhausaheb  Rajaram   Wakchaure                               ,15,4,Maharashtra                                                 ,Shirdi,32,25
374,436,Shri  Kamlesh  Paswan                                            ,15,4,Uttar Pradesh                                               ,Bansgaon,32,26
375,437,Prof.(Dr.)  Ram Shankar  Katheria                                          ,15,4,Uttar Pradesh                                               ,Agra,32,21
376,438,Shri  Rajendra  Agarwal                                           ,15,4,Uttar Pradesh                                               ,Meerut,32,32
377,439,Shri    Varun  Gandhi                                            ,15,4,Uttar Pradesh                                               ,Pilibhit,32,26
378,440,Shri   Raju Shetti  ,15,4,Maharashtra                                                 ,Hatkanangle,32,25
379,441,Shri  Sidhant  Mohapatra                                         ,15,4,Orissa                                                      ,Berhampur,32,20
380,442,Shri  Laxman  Tudu                                              ,15,4,Orissa                                                      ,Mayurbhanj,32,17
381,444,Shri  Kaushalendra  Kumar                                             ,15,4,Bihar                                                       ,Nalanda,32,31
382,445,Shri  Maheshwar  Hazari                                            ,15,4,Bihar                                                       ,Samastipur,32,30
383,446,Shri  Sher Singh  Ghubaya                                           ,15,4,Punjab                                                      ,Ferozpur,32,27
384,447,Shri  Joseph  Toppo                                             ,15,4,Assam                                                       ,Tezpur,32,30
385,448,Shri  Virender  Kashyap                                           ,15,4,Himachal Pradesh                                            ,Shimla,32,28
386,449,Shri  Shivarama  Gouda                                             ,15,4,Karnataka                                                   ,Koppal,32,18
387,450,Shri  Udasi Shivkumar  Chanabasappa                                      ,15,4,Karnataka                                                   ,Haveri,32,31
388,451,Dr.  Rajan  Sushant                                           ,15,4,Himachal Pradesh                                            ,Kangra,32,31
389,452,Shri  Ramesh  Vishwanath   Katti                                ,15,4,Karnataka                                                   ,Chikkodi,32,18
390,453,Shri  S.  Pakkirappa                                        ,15,4,Karnataka                                                   ,Raichur,32,18
391,454,Dr.  Murli Manohar  Joshi                                             ,15,4,Uttar Pradesh                                               ,Varanasi,32,29
392,455,Shri  Rajnath  Singh                                             ,15,4,Uttar Pradesh                                               ,Ghaziabad,32,24
393,456,Shri   Gopinathrao  Pandurang   Munde                                 ,15,4,Maharashtra                                                 ,Beed,32,28
394,457,Shri  Lal Krishna  Advani                                            ,15,4,Gujarat                                                     ,Gandhinagar,32,32
395,460,Shri  Shatrughan  Sinha                                             ,15,4,Bihar                                                       ,Patna Sahib,32,25
396,461,Shri  Syed Shahnawaz  Hussain                                           ,15,4,Bihar                                                       ,Bhagalpur,32,32
397,462,Shri  Hukamdeo Narayan  Yadav                                             ,15,4,Bihar                                                       ,Madhubani,32,31
398,463,Shri  Yashwant  Sinha                                             ,15,4,Jharkhand                                                   ,Hazaribagh,32,31
399,464,Shri  Ramesh  Bais                                              ,15,4,Chhattisgarh                                                ,Raipur,32,32
400,465,Shri    Ananth Kumar                                      ,15,4,Karnataka                                                   ,Bangalore South,32,26
401,466,Shri  Jaswant  Singh                                             ,15,4,West Bengal                                                 ,Darjeeling,32,12
402,467,Smt.  Maneka  Gandhi                                            ,15,4,Uttar Pradesh                                               ,Aonla,32,27
403,468,Shri  Kabindra  Purkayastha                                       ,15,4,Assam                                                       ,Silchar,32,31
404,469,Shri  Dilip Singh  Judev                                             ,15,4,Chhattisgarh                                                ,Bilaspur,32,21
405,470,Smt.  Bijoya  Chakravarty                                       ,15,4,Assam                                                       ,Gauhati,32,31
406,471,Shri  Harin  Pathak                                            ,15,4,Gujarat                                                     ,Ahmedabad East,32,26
407,472,Shri  Arjun  Munda                                             ,15,4,Jharkhand                                                   ,Jamshedpur,32,28
408,473,Shri  Kailash  Joshi                                             ,15,4,Madhya Pradesh                                              ,Bhopal,32,30
409,474,Smt.  Sumitra  Mahajan                                           ,15,4,Madhya Pradesh                                              ,Indore,32,30
410,475,Shri  Yogi  Adityanath                                        ,15,4,Uttar Pradesh                                               ,Gorakhpur,32,28
411,476,Shri  Rajendrasinh  Rana                                              ,15,4,Gujarat                                                     ,Bhavnagar,32,27
412,477,Shri  Narendra Singh  Tomar                                             ,15,4,Madhya Pradesh                                              ,Morena,32,28
413,478,Smt.  Yashodhara Raje  Scindia                                           ,15,4,Madhya Pradesh                                              ,Gwalior,32,32
414,478,Shri  D.V. Sadananda  Gowda                                             ,15,4,Karnataka                                                   ,Udupi Chikmagalur,32,17
415,479,Shri  Vishnu Deo  Sai                                               ,15,4,Chhattisgarh                                                ,Raigarh,32,22
416,480,Shri  Radha Mohan  Singh                                             ,15,4,Bihar                                                       ,Purvi Champaran ,32,29
417,481,Shri  Shripad Yesso  Naik                                              ,15,4,Goa                                                         ,North Goa,32,24
418,482,Shri  Nikhil Kumar  Choudhary                                         ,15,4,Bihar                                                       ,Katihar,32,29
419,483,Shri  Dilip Kumar Mansukhlal  Gandhi                                            ,15,4,Maharashtra                                                 ,Ahmednagar,32,29
420,484,Shri  Anant Kumar  Hegde                                             ,15,4,Karnataka                                                   ,Uttara Kannada,32,19
421,486,Shri  Ram Singh  Kaswan                                            ,15,4,Rajasthan                                                   ,Churu,32,30
422,487,Shri  Mansukhbhai Dhanjibhai  Vasava                                            ,15,4,Gujarat                                                     ,Bharuch,32,29
423,488,Shri  G.S.  Basavaraj                                         ,15,4,Karnataka                                                   ,Tumkur,32,29
424,489,Shri  D.B. Chandre  Gowda                                             ,15,4,Karnataka                                                   ,Bangalore North,32,19
425,490,Shri  Lalji  Tandon                                            ,15,4,Uttar Pradesh                                               ,Lucknow,32,30
426,490,Shri  Baliram  Kashyap                                           ,15,4,Chhattisgarh                                                ,Bastar,32,1
427,491,Shri  Ashok  Argal                                             ,15,4,Madhya Pradesh                                              ,Bhind,32,28
428,492,Shri    Virendra Kumar                                    ,15,4,Madhya Pradesh                                              ,Tikamgarh,32,31
429,493,Shri  Ganesh  Singh                                             ,15,4,Madhya Pradesh                                              ,Satna,32,28
430,494,Shri  Rakesh  Singh                                             ,15,4,Madhya Pradesh                                              ,Jabalpur,32,29
431,495,Shri  Anurag Singh  Thakur                                            ,15,4,Himachal Pradesh                                            ,Hamirpur,32,27
432,496,Shri  Raosaheb  Dadarao  Danve                                             ,15,4,Maharashtra                                                 ,Jalna,32,23
433,497,Shri  Rajen  Gohain                                            ,15,4,Assam                                                       ,Nawgong,32,25
434,498,Shri  Hansraj Gangaram  Ahir                                              ,15,4,Maharashtra                                                 ,Chandrapur,32,23
435,499,Shri  Sohan  Potai                                             ,15,4,Chhattisgarh                                                ,Kanker,32,28
436,500,Shri  Ramsinhbhai Patalbhai  Rathwa                                            ,15,4,Gujarat                                                     ,Chhota Udaipur,32,29
437,501,Shri  Ramesh Chandappa  Jigajinagi                                        ,15,4,Karnataka                                                   ,Bijapur,32,18
438,502,Shri  Ravindra Kumar  Pandey                                            ,15,4,Jharkhand                                                   ,Giridih,32,21
439,503,Shri  Kirti  Azad                                              ,15,4,Bihar                                                       ,Darbhanga,32,30
440,504,Shri  Prahlad  Joshi                                             ,15,4,Karnataka                                                   ,Dharwad,32,26
441,505,Shri  Sanjay  Dhotre                                            ,15,4,Maharashtra                                                 ,Akola,32,20
442,506,Shri  P.C.  Gaddigoudar                                       ,15,4,Karnataka                                                   ,Bagalkot,32,32
443,507,Shri  Navjot Singh  Sidhu                                             ,15,4,Punjab                                                      ,Amritsar,32,7
444,508,Shri  Harischandra Deoram  Chavan                                            ,15,4,Maharashtra                                                 ,Dindori,32,27
445,509,Shri  Haribhau  Jawale                                            ,15,4,Maharashtra                                                 ,Raver,32,31
446,510,Shri   G.M.  Siddeswara                                        ,15,4,Karnataka                                                   ,Davanagere,32,22
447,511,Shri  Dushyant  Singh                                             ,15,4,Rajasthan                                                   ,Jhalawar-Baran,32,18
448,512,Shri  Bishnu Pada  Ray                                               ,15,4,Andaman and Nicobar Islands                                 ,Andaman and Nicobar Islands,32,29
449,513,Shri  Uday  Singh                                             ,15,4,Bihar                                                       ,Purnia,32,25
450,514,Shri  Govind Prasad  Mishra                                            ,15,4,Madhya Pradesh                                              ,Sidhi,32,32
451,515,Shri  Dinubhai  Boghabhal   Solanki                               ,15,4,Gujarat                                                     ,Junagadh,32,4
452,516,Shri  Chandulal Sahu  Chandu Bhaiya  ,15,4,Chhattisgarh                                                ,Mahasamund,32,29
453,517,Shri  Bhupendra  Singh                                             ,15,4,Madhya Pradesh                                              ,Sagar,32,28
454,518,Shri  Sudarshan  Bhagat                                            ,15,4,Jharkhand                                                   ,Lohardaga,32,29
455,519,Dr.  Sanjay  Jaiswal                                           ,15,4,Bihar                                                       ,Paschim Champaran,32,25
456,520,Shri  Prabhatsinh  Pratapsinh Chauhan                                ,15,4,Gujarat                                                     ,Panchmahal,32,28
457,521,Shri  Pashupati Nath  Singh                                             ,15,4,Jharkhand                                                   ,Dhanbad,32,31
458,523,Shri  Devidhan  Besra                                             ,15,4,Jharkhand                                                   ,Rajmahal,32,27
459,524,Dr.  Bhola  Singh                                             ,15,4,Bihar                                                       ,Nawada,32,28
460,525,Shri  Devji M.  Patel                                             ,15,4,Rajasthan                                                   ,Jalore,32,28
461,526,Shri  C. R.  Patil                                             ,15,4,Gujarat                                                     ,Navsari,32,24
462,527,Shri  Balkrishna Khanderao  Shukla                                            ,15,4,Gujarat                                                     ,Vadodara,32,27
463,528,Shri  B. Y.  Raghavendra                                       ,15,4,Karnataka                                                   ,Shimoga,32,19
464,529,Shri  Arjun Ram  Meghwal                                           ,15,4,Rajasthan                                                   ,Bikaner,32,32
465,530,Shri  A.T. Nana  Patil                                             ,15,4,Maharashtra                                                 ,Jalgaon,32,30
466,531,Shri  Shivraj  Bhaiya                                            ,15,4,Madhya Pradesh                                              ,Damoh,32,31
467,532,Shri  Sonawane  Pratap Narayanrao                                 ,15,4,Maharashtra                                                 ,Dhule,32,27
468,533,Shri  Pradeep Kumar  Singh                                             ,15,4,Bihar                                                       ,Araria,32,25
469,534,Shri  Makhansingh  Solanki                                           ,15,4,Madhya Pradesh                                              ,Khargone,32,24
470,535,Shri  Chauhan  Mahendrasinh                                      ,15,4,Gujarat                                                     ,Sabarkantha,32,32
471,536,Shri  Madhusudan  Yadav                                             ,15,4,Chhattisgarh                                                ,Rajnandgaon,32,13
472,537,Shri  Lalubhai  B.  Patel                                             ,15,4,Daman and Diu                                               ,Daman and Diu,32,27
473,538,Dr.  Kiritbhai  Premajibhai    Solanki                            ,15,4,Gujarat                                                     ,Ahmedabad West,32,31
474,539,Shri  K. D.  Deshmukh                                          ,15,4,Madhya Pradesh                                              ,Balaghat,32,16
475,540,Shri  Janardhana  Swamy                                             ,15,4,Karnataka                                                   ,Chitradurga,32,21
476,541,Smt.  Kamla Devi  Patle                                             ,15,4,Chhattisgarh                                                ,Janjgir-Champa ,32,22
477,542,Smt.  Jyoti  Dhurve                                            ,15,4,Madhya Pradesh                                              ,Betul,32,27
478,543,Ms.  J.  Shantha                                           ,15,4,Karnataka                                                   ,Bellary,32,19
479,544,Smt.  Jayshreeben  Kanubhai    Patel                                 ,15,4,Gujarat                                                     ,Mehesana,32,29
480,545,Shri  Nishikant  Dubey                                             ,15,4,Jharkhand                                                   ,Godda,32,31
481,546,Shri  Natubhai Gomanbhai  Patel                                             ,15,4,Dadra and Nagar Haveli                                      ,Dadra and Nagar Haveli,32,23
482,547,Shri    Naranbhai   Kachhadia                             ,15,4,Gujarat                                                     ,Amreli,32,30
483,548,Shri  Nalin Kumar  Kateel                                            ,15,4,Karnataka                                                   ,Dakshina Kannada,32,19
484,549,Shri  Murarilal  Singh                                             ,15,4,Chhattisgarh                                                ,Surguja,32,24
